2020-12,AMAZONAS,ETANOL_HIDRATADO,METROS_CUBICOS,9123.934,2023-02-15 14:49:26.100451
2020-11,AMAZONAS,ETANOL_HIDRATADO,METROS_CUBICOS,7259.899,2023-02-15 14:49:26.100451
2020-10,AMAZONAS,ETANOL_HIDRATADO,METROS_CUBICOS,6705,2023-02-15 14:49:26.100451
2020-9,AMAZONAS,ETANOL_HIDRATADO,METROS_CUBICOS,10489.948,2023-02-15 14:49:26.100451
2020-8,AMAZONAS,ETANOL_HIDRATADO,METROS_CUBICOS,12853.883,2023-02-15 14:49:26.100451
2020-7,AMAZONAS,ETANOL_HIDRATADO,METROS_CUBICOS,9371.967,2023-02-15 14:49:26.100451
2020-6,AMAZONAS,ETANOL_HIDRATADO,METROS_CUBICOS,83551.514,2023-02-15 14:49:26.100451
2020-5,AMAZONAS,ETANOL_HIDRATADO,METROS_CUBICOS,,2023-02-15 14:49:26.100451
2020-4,AMAZONAS,ETANOL_HIDRATADO,METROS_CUBICOS,,2023-02-15 14:49:26.100451
2020-3,AMAZONAS,ETANOL_HIDRATADO,METROS_CUBICOS,,2023-02-15 14:49:26.100451
2020-2,AMAZONAS,ETANOL_HIDRATADO,METROS_CUBICOS,10662.94,2023-02-15 14:49:26.100451
2020-1,AMAZONAS,ETANOL_HIDRATADO,METROS_CUBICOS,9089.943,2023-02-15 14:49:26.100451
2019-12,AMAZONAS,ETANOL_HIDRATADO,METROS_CUBICOS,11363.384,2023-02-15 14:49:26.100451
2019-11,AMAZONAS,ETANOL_HIDRATADO,METROS_CUBICOS,11295.882,2023-02-15 14:49:26.100451
2019-10,AMAZONAS,ETANOL_HIDRATADO,METROS_CUBICOS,6804.894,2023-02-15 14:49:26.100451
2019-9,AMAZONAS,ETANOL_HIDRATADO,METROS_CUBICOS,8031.069,2023-02-15 14:49:26.100451
2019-8,AMAZONAS,ETANOL_HIDRATADO,METROS_CUBICOS,7027.4,2023-02-15 14:49:26.100451
2019-7,AMAZONAS,ETANOL_HIDRATADO,METROS_CUBICOS,4227,2023-02-15 14:49:26.100451
2019-6,AMAZONAS,ETANOL_HIDRATADO,METROS_CUBICOS,3525,2023-02-15 14:49:26.100451
2019-5,AMAZONAS,ETANOL_HIDRATADO,METROS_CUBICOS,102044.67,2023-02-15 14:49:26.100451
2019-4,AMAZONAS,ETANOL_HIDRATADO,METROS_CUBICOS,9531.778,2023-02-15 14:49:26.100451
2019-3,AMAZONAS,ETANOL_HIDRATADO,METROS_CUBICOS,12211.776,2023-02-15 14:49:26.100451
2019-2,AMAZONAS,ETANOL_HIDRATADO,METROS_CUBICOS,10672.601,2023-02-15 14:49:26.100451
2019-1,AMAZONAS,ETANOL_HIDRATADO,METROS_CUBICOS,9505.932,2023-02-15 14:49:26.100451
2018-12,AMAZONAS,ETANOL_HIDRATADO,METROS_CUBICOS,8530,2023-02-15 14:49:26.100451
2018-11,AMAZONAS,ETANOL_HIDRATADO,METROS_CUBICOS,5376,2023-02-15 14:49:26.100451
2018-10,AMAZONAS,ETANOL_HIDRATADO,METROS_CUBICOS,6390,2023-02-15 14:49:26.100451
2018-9,AMAZONAS,ETANOL_HIDRATADO,METROS_CUBICOS,6945.77,2023-02-15 14:49:26.100451
2018-8,AMAZONAS,ETANOL_HIDRATADO,METROS_CUBICOS,6676.029,2023-02-15 14:49:26.100451
2018-7,AMAZONAS,ETANOL_HIDRATADO,METROS_CUBICOS,6590.381,2023-02-15 14:49:26.100451
2018-6,AMAZONAS,ETANOL_HIDRATADO,METROS_CUBICOS,5984.285,2023-02-15 14:49:26.100451
2018-5,AMAZONAS,ETANOL_HIDRATADO,METROS_CUBICOS,6489.274,2023-02-15 14:49:26.100451
2018-4,AMAZONAS,ETANOL_HIDRATADO,METROS_CUBICOS,90530.921,2023-02-15 14:49:26.100451
2018-3,AMAZONAS,ETANOL_HIDRATADO,METROS_CUBICOS,5588.782,2023-02-15 14:49:26.100451
2018-2,AMAZONAS,ETANOL_HIDRATADO,METROS_CUBICOS,11362.863,2023-02-15 14:49:26.100451
2018-1,AMAZONAS,ETANOL_HIDRATADO,METROS_CUBICOS,11084.711,2023-02-15 14:49:26.100451
2017-12,AMAZONAS,ETANOL_HIDRATADO,METROS_CUBICOS,5219.336,2023-02-15 14:49:26.100451
2017-11,AMAZONAS,ETANOL_HIDRATADO,METROS_CUBICOS,3026,2023-02-15 14:49:26.100451
2017-10,AMAZONAS,ETANOL_HIDRATADO,METROS_CUBICOS,2325,2023-02-15 14:49:26.100451
2017-9,AMAZONAS,ETANOL_HIDRATADO,METROS_CUBICOS,2059.5,2023-02-15 14:49:26.100451
2017-8,AMAZONAS,ETANOL_HIDRATADO,METROS_CUBICOS,2010,2023-02-15 14:49:26.100451
2017-7,AMAZONAS,ETANOL_HIDRATADO,METROS_CUBICOS,3614,2023-02-15 14:49:26.100451
2017-6,AMAZONAS,ETANOL_HIDRATADO,METROS_CUBICOS,2214,2023-02-15 14:49:26.100451
2017-5,AMAZONAS,ETANOL_HIDRATADO,METROS_CUBICOS,2260.22,2023-02-15 14:49:26.100451
2017-4,AMAZONAS,ETANOL_HIDRATADO,METROS_CUBICOS,2331,2023-02-15 14:49:26.100451
2017-3,AMAZONAS,ETANOL_HIDRATADO,METROS_CUBICOS,38859.033,2023-02-15 14:49:26.100451
2017-2,AMAZONAS,ETANOL_HIDRATADO,METROS_CUBICOS,4117.295,2023-02-15 14:49:26.100451
2017-1,AMAZONAS,ETANOL_HIDRATADO,METROS_CUBICOS,4526.418,2023-02-15 14:49:26.100451
2016-12,AMAZONAS,ETANOL_HIDRATADO,METROS_CUBICOS,2905.359,2023-02-15 14:49:26.100451
2016-11,AMAZONAS,ETANOL_HIDRATADO,METROS_CUBICOS,3994.862,2023-02-15 14:49:26.100451
2016-10,AMAZONAS,ETANOL_HIDRATADO,METROS_CUBICOS,4530.197,2023-02-15 14:49:26.100451
2016-9,AMAZONAS,ETANOL_HIDRATADO,METROS_CUBICOS,3200,2023-02-15 14:49:26.100451
2016-8,AMAZONAS,ETANOL_HIDRATADO,METROS_CUBICOS,2029,2023-02-15 14:49:26.100451
2016-7,AMAZONAS,ETANOL_HIDRATADO,METROS_CUBICOS,2197,2023-02-15 14:49:26.100451
2016-6,AMAZONAS,ETANOL_HIDRATADO,METROS_CUBICOS,2740.798,2023-02-15 14:49:26.100451
2016-5,AMAZONAS,ETANOL_HIDRATADO,METROS_CUBICOS,3752.693,2023-02-15 14:49:26.100451
2016-4,AMAZONAS,ETANOL_HIDRATADO,METROS_CUBICOS,3864,2023-02-15 14:49:26.100451
2016-3,AMAZONAS,ETANOL_HIDRATADO,METROS_CUBICOS,3196,2023-02-15 14:49:26.100451
2016-2,AMAZONAS,ETANOL_HIDRATADO,METROS_CUBICOS,38370.906,2023-02-15 14:49:26.100451
2016-1,AMAZONAS,ETANOL_HIDRATADO,METROS_CUBICOS,4052,2023-02-15 14:49:26.100451
2015-12,AMAZONAS,ETANOL_HIDRATADO,METROS_CUBICOS,6378.007,2023-02-15 14:49:26.100451
2015-11,AMAZONAS,ETANOL_HIDRATADO,METROS_CUBICOS,7894,2023-02-15 14:49:26.100451
2015-10,AMAZONAS,ETANOL_HIDRATADO,METROS_CUBICOS,7002.26,2023-02-15 14:49:26.100451
2015-9,AMAZONAS,ETANOL_HIDRATADO,METROS_CUBICOS,6955,2023-02-15 14:49:26.100451
2015-8,AMAZONAS,ETANOL_HIDRATADO,METROS_CUBICOS,6833,2023-02-15 14:49:26.100451
2015-7,AMAZONAS,ETANOL_HIDRATADO,METROS_CUBICOS,6708,2023-02-15 14:49:26.100451
2015-6,AMAZONAS,ETANOL_HIDRATADO,METROS_CUBICOS,6758.4,2023-02-15 14:49:26.100451
2015-5,AMAZONAS,ETANOL_HIDRATADO,METROS_CUBICOS,6776.49,2023-02-15 14:49:26.100451
2015-4,AMAZONAS,ETANOL_HIDRATADO,METROS_CUBICOS,7268,2023-02-15 14:49:26.100451
2015-3,AMAZONAS,ETANOL_HIDRATADO,METROS_CUBICOS,5944.68,2023-02-15 14:49:26.100451
2015-2,AMAZONAS,ETANOL_HIDRATADO,METROS_CUBICOS,4480,2023-02-15 14:49:26.100451
2015-1,AMAZONAS,ETANOL_HIDRATADO,METROS_CUBICOS,78600.587,2023-02-15 14:49:26.100451
2014-12,AMAZONAS,ETANOL_HIDRATADO,METROS_CUBICOS,5414,2023-02-15 14:49:26.100451
2014-11,AMAZONAS,ETANOL_HIDRATADO,METROS_CUBICOS,4409.084,2023-02-15 14:49:26.100451
2014-10,AMAZONAS,ETANOL_HIDRATADO,METROS_CUBICOS,4378,2023-02-15 14:49:26.100451
2014-9,AMAZONAS,ETANOL_HIDRATADO,METROS_CUBICOS,4308,2023-02-15 14:49:26.100451
2014-8,AMAZONAS,ETANOL_HIDRATADO,METROS_CUBICOS,4281.55,2023-02-15 14:49:26.100451
2014-7,AMAZONAS,ETANOL_HIDRATADO,METROS_CUBICOS,4180.295,2023-02-15 14:49:26.100451
2014-6,AMAZONAS,ETANOL_HIDRATADO,METROS_CUBICOS,3669,2023-02-15 14:49:26.100451
2014-5,AMAZONAS,ETANOL_HIDRATADO,METROS_CUBICOS,4188.629,2023-02-15 14:49:26.100451
2014-4,AMAZONAS,ETANOL_HIDRATADO,METROS_CUBICOS,3771.203,2023-02-15 14:49:26.100451
2014-3,AMAZONAS,ETANOL_HIDRATADO,METROS_CUBICOS,3726,2023-02-15 14:49:26.100451
2014-2,AMAZONAS,ETANOL_HIDRATADO,METROS_CUBICOS,4077.11597877887,2023-02-15 14:49:26.100451
2014-1,AMAZONAS,ETANOL_HIDRATADO,METROS_CUBICOS,4036,2023-02-15 14:49:26.100451
2013-12,AMAZONAS,ETANOL_HIDRATADO,METROS_CUBICOS,47011.25,2023-02-15 14:49:26.100451
2013-11,AMAZONAS,ETANOL_HIDRATADO,METROS_CUBICOS,4580,2023-02-15 14:49:26.100451
2013-10,AMAZONAS,ETANOL_HIDRATADO,METROS_CUBICOS,3901.84,2023-02-15 14:49:26.100451
2013-9,AMAZONAS,ETANOL_HIDRATADO,METROS_CUBICOS,4106.6,2023-02-15 14:49:26.100451
2013-8,AMAZONAS,ETANOL_HIDRATADO,METROS_CUBICOS,3771.957,2023-02-15 14:49:26.100451
2013-7,AMAZONAS,ETANOL_HIDRATADO,METROS_CUBICOS,4041.099,2023-02-15 14:49:26.100451
2013-6,AMAZONAS,ETANOL_HIDRATADO,METROS_CUBICOS,3853.01,2023-02-15 14:49:26.100451
2013-5,AMAZONAS,ETANOL_HIDRATADO,METROS_CUBICOS,3637.805,2023-02-15 14:49:26.100451
2013-4,AMAZONAS,ETANOL_HIDRATADO,METROS_CUBICOS,3879.078,2023-02-15 14:49:26.100451
2013-3,AMAZONAS,ETANOL_HIDRATADO,METROS_CUBICOS,3886,2023-02-15 14:49:26.100451
2013-2,AMAZONAS,ETANOL_HIDRATADO,METROS_CUBICOS,4059.51,2023-02-15 14:49:26.100451
2013-1,AMAZONAS,ETANOL_HIDRATADO,METROS_CUBICOS,3703,2023-02-15 14:49:26.100451
2012-12,AMAZONAS,ETANOL_HIDRATADO,METROS_CUBICOS,2913,2023-02-15 14:49:26.100451
2012-11,AMAZONAS,ETANOL_HIDRATADO,METROS_CUBICOS,40069.26276175976,2023-02-15 14:49:26.100451
2012-10,AMAZONAS,ETANOL_HIDRATADO,METROS_CUBICOS,3804.018587253255,2023-02-15 14:49:26.100451
2012-9,AMAZONAS,ETANOL_HIDRATADO,METROS_CUBICOS,3610.94717450651,2023-02-15 14:49:26.100451
2012-8,AMAZONAS,ETANOL_HIDRATADO,METROS_CUBICOS,3797,2023-02-15 14:49:26.100451
2012-7,AMAZONAS,ETANOL_HIDRATADO,METROS_CUBICOS,3291,2023-02-15 14:49:26.100451
2012-6,AMAZONAS,ETANOL_HIDRATADO,METROS_CUBICOS,3499,2023-02-15 14:49:26.100451
2012-5,AMAZONAS,ETANOL_HIDRATADO,METROS_CUBICOS,3081,2023-02-15 14:49:26.100451
2012-4,AMAZONAS,ETANOL_HIDRATADO,METROS_CUBICOS,3172,2023-02-15 14:49:26.100451
2012-3,AMAZONAS,ETANOL_HIDRATADO,METROS_CUBICOS,3425.015,2023-02-15 14:49:26.100451
2012-2,AMAZONAS,ETANOL_HIDRATADO,METROS_CUBICOS,3159,2023-02-15 14:49:26.100451
2012-1,AMAZONAS,ETANOL_HIDRATADO,METROS_CUBICOS,3392,2023-02-15 14:49:26.100451
2011-12,AMAZONAS,ETANOL_HIDRATADO,METROS_CUBICOS,4005.076447299867,2023-02-15 14:49:26.100451
2011-11,AMAZONAS,ETANOL_HIDRATADO,METROS_CUBICOS,3975.058245561804,2023-02-15 14:49:26.100451
2011-10,AMAZONAS,ETANOL_HIDRATADO,METROS_CUBICOS,40517.31447337082,2023-02-15 14:49:26.100451
2011-9,AMAZONAS,ETANOL_HIDRATADO,METROS_CUBICOS,3584.8,2023-02-15 14:49:26.100451
2011-8,AMAZONAS,ETANOL_HIDRATADO,METROS_CUBICOS,3520,2023-02-15 14:49:26.100451
2011-7,AMAZONAS,ETANOL_HIDRATADO,METROS_CUBICOS,3571,2023-02-15 14:49:26.100451
2011-6,AMAZONAS,ETANOL_HIDRATADO,METROS_CUBICOS,3459,2023-02-15 14:49:26.100451
2011-5,AMAZONAS,ETANOL_HIDRATADO,METROS_CUBICOS,3307.33,2023-02-15 14:49:26.100451
2011-4,AMAZONAS,ETANOL_HIDRATADO,METROS_CUBICOS,2737.526447299867,2023-02-15 14:49:26.100451
2011-3,AMAZONAS,ETANOL_HIDRATADO,METROS_CUBICOS,2771.054605214191,2023-02-15 14:49:26.100451
2011-2,AMAZONAS,ETANOL_HIDRATADO,METROS_CUBICOS,3048,2023-02-15 14:49:26.100451
2011-1,AMAZONAS,ETANOL_HIDRATADO,METROS_CUBICOS,2639.605727995092,2023-02-15 14:49:26.100451
2010-12,AMAZONAS,ETANOL_HIDRATADO,METROS_CUBICOS,3247.264163979004,2023-02-15 14:49:26.100451
2010-11,AMAZONAS,ETANOL_HIDRATADO,METROS_CUBICOS,3630.185,2023-02-15 14:49:26.100451
2010-10,AMAZONAS,ETANOL_HIDRATADO,METROS_CUBICOS,4844,2023-02-15 14:49:26.100451
2010-9,AMAZONAS,ETANOL_HIDRATADO,METROS_CUBICOS,54875.69378764306,2023-02-15 14:49:26.100451
2010-8,AMAZONAS,ETANOL_HIDRATADO,METROS_CUBICOS,5706.720819895019,2023-02-15 14:49:26.100451
2010-7,AMAZONAS,ETANOL_HIDRATADO,METROS_CUBICOS,4188.12081989502,2023-02-15 14:49:26.100451
2010-6,AMAZONAS,ETANOL_HIDRATADO,METROS_CUBICOS,4659.941000000001,2023-02-15 14:49:26.100451
2010-5,AMAZONAS,ETANOL_HIDRATADO,METROS_CUBICOS,5246,2023-02-15 14:49:26.100451
2010-4,AMAZONAS,ETANOL_HIDRATADO,METROS_CUBICOS,5218,2023-02-15 14:49:26.100451
2010-3,AMAZONAS,ETANOL_HIDRATADO,METROS_CUBICOS,4716.055,2023-02-15 14:49:26.100451
2010-2,AMAZONAS,ETANOL_HIDRATADO,METROS_CUBICOS,4494,2023-02-15 14:49:26.100451
2010-1,AMAZONAS,ETANOL_HIDRATADO,METROS_CUBICOS,4670.262,2023-02-15 14:49:26.100451
2009-12,AMAZONAS,ETANOL_HIDRATADO,METROS_CUBICOS,6105,2023-02-15 14:49:26.100451
2009-11,AMAZONAS,ETANOL_HIDRATADO,METROS_CUBICOS,5873,2023-02-15 14:49:26.100451
2009-10,AMAZONAS,ETANOL_HIDRATADO,METROS_CUBICOS,5146,2023-02-15 14:49:26.100451
2009-9,AMAZONAS,ETANOL_HIDRATADO,METROS_CUBICOS,5416,2023-02-15 14:49:26.100451
2009-8,AMAZONAS,ETANOL_HIDRATADO,METROS_CUBICOS,79600.72916075138,2023-02-15 14:49:26.100451
2009-7,AMAZONAS,ETANOL_HIDRATADO,METROS_CUBICOS,7361.128,2023-02-15 14:49:26.100451
2009-6,AMAZONAS,ETANOL_HIDRATADO,METROS_CUBICOS,6899.872,2023-02-15 14:49:26.100451
2009-5,AMAZONAS,ETANOL_HIDRATADO,METROS_CUBICOS,7350.981000000001,2023-02-15 14:49:26.100451
2009-4,AMAZONAS,ETANOL_HIDRATADO,METROS_CUBICOS,8128.5,2023-02-15 14:49:26.100451
2009-3,AMAZONAS,ETANOL_HIDRATADO,METROS_CUBICOS,7480.5,2023-02-15 14:49:26.100451
2009-2,AMAZONAS,ETANOL_HIDRATADO,METROS_CUBICOS,6947.5,2023-02-15 14:49:26.100451
2009-1,AMAZONAS,ETANOL_HIDRATADO,METROS_CUBICOS,6889.248160751375,2023-02-15 14:49:26.100451
2008-12,AMAZONAS,ETANOL_HIDRATADO,METROS_CUBICOS,4361.844652626862,2023-02-15 14:49:26.100451
2008-11,AMAZONAS,ETANOL_HIDRATADO,METROS_CUBICOS,4278.00126992535,2023-02-15 14:49:26.100451
2008-10,AMAZONAS,ETANOL_HIDRATADO,METROS_CUBICOS,4101.832751221506,2023-02-15 14:49:26.100451
2008-9,AMAZONAS,ETANOL_HIDRATADO,METROS_CUBICOS,3693.936723629663,2023-02-15 14:49:26.100451
2008-8,AMAZONAS,ETANOL_HIDRATADO,METROS_CUBICOS,3727.769731873001,2023-02-15 14:49:26.100451
2008-7,AMAZONAS,ETANOL_HIDRATADO,METROS_CUBICOS,54703.03304482845,2023-02-15 14:49:26.100451
2008-6,AMAZONAS,ETANOL_HIDRATADO,METROS_CUBICOS,5920.413122397976,2023-02-15 14:49:26.100451
2008-5,AMAZONAS,ETANOL_HIDRATADO,METROS_CUBICOS,4999.319355576802,2023-02-15 14:49:26.100451
2008-4,AMAZONAS,ETANOL_HIDRATADO,METROS_CUBICOS,5223.683145665557,2023-02-15 14:49:26.100451
2008-3,AMAZONAS,ETANOL_HIDRATADO,METROS_CUBICOS,5011.749392300455,2023-02-15 14:49:26.100451
2008-2,AMAZONAS,ETANOL_HIDRATADO,METROS_CUBICOS,4646.655359521676,2023-02-15 14:49:26.100451
2008-1,AMAZONAS,ETANOL_HIDRATADO,METROS_CUBICOS,4616.846191293983,2023-02-15 14:49:26.100451
2007-12,AMAZONAS,ETANOL_HIDRATADO,METROS_CUBICOS,2104.562962789558,2023-02-15 14:49:26.100451
2007-11,AMAZONAS,ETANOL_HIDRATADO,METROS_CUBICOS,1806.214434663857,2023-02-15 14:49:26.100451
2007-10,AMAZONAS,ETANOL_HIDRATADO,METROS_CUBICOS,1787.594328081457,2023-02-15 14:49:26.100451
2007-9,AMAZONAS,ETANOL_HIDRATADO,METROS_CUBICOS,1776.015359459302,2023-02-15 14:49:26.100451
2007-8,AMAZONAS,ETANOL_HIDRATADO,METROS_CUBICOS,1667.050176439199,2023-02-15 14:49:26.100451
2007-7,AMAZONAS,ETANOL_HIDRATADO,METROS_CUBICOS,1486.444502909845,2023-02-15 14:49:26.100451
2007-6,AMAZONAS,ETANOL_HIDRATADO,METROS_CUBICOS,32504.38896082947,2023-02-15 14:49:26.100451
2007-5,AMAZONAS,ETANOL_HIDRATADO,METROS_CUBICOS,4125.794943220872,2023-02-15 14:49:26.100451
2007-4,AMAZONAS,ETANOL_HIDRATADO,METROS_CUBICOS,4211.365793707374,2023-02-15 14:49:26.100451
2007-3,AMAZONAS,ETANOL_HIDRATADO,METROS_CUBICOS,4220.148105838098,2023-02-15 14:49:26.100451
2007-2,AMAZONAS,ETANOL_HIDRATADO,METROS_CUBICOS,3461.309761517077,2023-02-15 14:49:26.100451
2007-1,AMAZONAS,ETANOL_HIDRATADO,METROS_CUBICOS,3230.435953510653,2023-02-15 14:49:26.100451
2006-12,AMAZONAS,ETANOL_HIDRATADO,METROS_CUBICOS,1141.652,2023-02-15 14:49:26.100451
2006-11,AMAZONAS,ETANOL_HIDRATADO,METROS_CUBICOS,1014.912,2023-02-15 14:49:26.100451
2006-10,AMAZONAS,ETANOL_HIDRATADO,METROS_CUBICOS,1119.499,2023-02-15 14:49:26.100451
2006-9,AMAZONAS,ETANOL_HIDRATADO,METROS_CUBICOS,844.724,2023-02-15 14:49:26.100451
2006-8,AMAZONAS,ETANOL_HIDRATADO,METROS_CUBICOS,1352.504,2023-02-15 14:49:26.100451
2006-7,AMAZONAS,ETANOL_HIDRATADO,METROS_CUBICOS,1421.481,2023-02-15 14:49:26.100451
2006-6,AMAZONAS,ETANOL_HIDRATADO,METROS_CUBICOS,1675.954,2023-02-15 14:49:26.100451
2006-5,AMAZONAS,ETANOL_HIDRATADO,METROS_CUBICOS,16265.73,2023-02-15 14:49:26.100451
2006-4,AMAZONAS,ETANOL_HIDRATADO,METROS_CUBICOS,1767.442,2023-02-15 14:49:26.100451
2006-3,AMAZONAS,ETANOL_HIDRATADO,METROS_CUBICOS,1679.345,2023-02-15 14:49:26.100451
2006-2,AMAZONAS,ETANOL_HIDRATADO,METROS_CUBICOS,1517.254,2023-02-15 14:49:26.100451
2006-1,AMAZONAS,ETANOL_HIDRATADO,METROS_CUBICOS,1373.148,2023-02-15 14:49:26.100451
2005-12,AMAZONAS,ETANOL_HIDRATADO,METROS_CUBICOS,1839.802,2023-02-15 14:49:26.100451
2005-11,AMAZONAS,ETANOL_HIDRATADO,METROS_CUBICOS,1464.599,2023-02-15 14:49:26.100451
2005-10,AMAZONAS,ETANOL_HIDRATADO,METROS_CUBICOS,1585.29,2023-02-15 14:49:26.100451
2005-9,AMAZONAS,ETANOL_HIDRATADO,METROS_CUBICOS,1370.977,2023-02-15 14:49:26.100451
2005-8,AMAZONAS,ETANOL_HIDRATADO,METROS_CUBICOS,1199.246,2023-02-15 14:49:26.100451
2005-7,AMAZONAS,ETANOL_HIDRATADO,METROS_CUBICOS,1148.805,2023-02-15 14:49:26.100451
2005-6,AMAZONAS,ETANOL_HIDRATADO,METROS_CUBICOS,1052.31,2023-02-15 14:49:26.100451
2005-5,AMAZONAS,ETANOL_HIDRATADO,METROS_CUBICOS,1102.997,2023-02-15 14:49:26.100451
2005-4,AMAZONAS,ETANOL_HIDRATADO,METROS_CUBICOS,19016.005,2023-02-15 14:49:26.100451
2005-3,AMAZONAS,ETANOL_HIDRATADO,METROS_CUBICOS,2362.538,2023-02-15 14:49:26.100451
2005-2,AMAZONAS,ETANOL_HIDRATADO,METROS_CUBICOS,2200.361,2023-02-15 14:49:26.100451
2005-1,AMAZONAS,ETANOL_HIDRATADO,METROS_CUBICOS,1933.104,2023-02-15 14:49:26.100451
2004-12,AMAZONAS,ETANOL_HIDRATADO,METROS_CUBICOS,1137.971,2023-02-15 14:49:26.100451
2004-11,AMAZONAS,ETANOL_HIDRATADO,METROS_CUBICOS,1234.632,2023-02-15 14:49:26.100451
2004-10,AMAZONAS,ETANOL_HIDRATADO,METROS_CUBICOS,1170.295,2023-02-15 14:49:26.100451
2004-9,AMAZONAS,ETANOL_HIDRATADO,METROS_CUBICOS,1150.887,2023-02-15 14:49:26.100451
2004-8,AMAZONAS,ETANOL_HIDRATADO,METROS_CUBICOS,1054.101,2023-02-15 14:49:26.100451
2004-7,AMAZONAS,ETANOL_HIDRATADO,METROS_CUBICOS,997.754,2023-02-15 14:49:26.100451
2004-6,AMAZONAS,ETANOL_HIDRATADO,METROS_CUBICOS,1137.327,2023-02-15 14:49:26.100451
2004-5,AMAZONAS,ETANOL_HIDRATADO,METROS_CUBICOS,819.498,2023-02-15 14:49:26.100451
2004-4,AMAZONAS,ETANOL_HIDRATADO,METROS_CUBICOS,870.384,2023-02-15 14:49:26.100451
2004-3,AMAZONAS,ETANOL_HIDRATADO,METROS_CUBICOS,13533.434,2023-02-15 14:49:26.100451
2004-2,AMAZONAS,ETANOL_HIDRATADO,METROS_CUBICOS,1496.512,2023-02-15 14:49:26.100451
2004-1,AMAZONAS,ETANOL_HIDRATADO,METROS_CUBICOS,1225.528,2023-02-15 14:49:26.100451
2003-12,AMAZONAS,ETANOL_HIDRATADO,METROS_CUBICOS,951.514,2023-02-15 14:49:26.100451
2003-11,AMAZONAS,ETANOL_HIDRATADO,METROS_CUBICOS,912.369,2023-02-15 14:49:26.100451
2003-10,AMAZONAS,ETANOL_HIDRATADO,METROS_CUBICOS,1075.827,2023-02-15 14:49:26.100451
2003-9,AMAZONAS,ETANOL_HIDRATADO,METROS_CUBICOS,927.681,2023-02-15 14:49:26.100451
2003-8,AMAZONAS,ETANOL_HIDRATADO,METROS_CUBICOS,997.508,2023-02-15 14:49:26.100451
2003-7,AMAZONAS,ETANOL_HIDRATADO,METROS_CUBICOS,1082.442,2023-02-15 14:49:26.100451
2003-6,AMAZONAS,ETANOL_HIDRATADO,METROS_CUBICOS,1086.436,2023-02-15 14:49:26.100451
2003-5,AMAZONAS,ETANOL_HIDRATADO,METROS_CUBICOS,955.92,2023-02-15 14:49:26.100451
2003-4,AMAZONAS,ETANOL_HIDRATADO,METROS_CUBICOS,925.603,2023-02-15 14:49:26.100451
2003-3,AMAZONAS,ETANOL_HIDRATADO,METROS_CUBICOS,1663.503,2023-02-15 14:49:26.100451
2003-2,AMAZONAS,ETANOL_HIDRATADO,METROS_CUBICOS,12555.889,2023-02-15 14:49:26.100451
2003-1,AMAZONAS,ETANOL_HIDRATADO,METROS_CUBICOS,1052.036,2023-02-15 14:49:26.100451
2002-12,AMAZONAS,ETANOL_HIDRATADO,METROS_CUBICOS,1147.437,2023-02-15 14:49:26.100451
2002-11,AMAZONAS,ETANOL_HIDRATADO,METROS_CUBICOS,1357.836,2023-02-15 14:49:26.100451
2002-10,AMAZONAS,ETANOL_HIDRATADO,METROS_CUBICOS,1206.45,2023-02-15 14:49:26.100451
2002-9,AMAZONAS,ETANOL_HIDRATADO,METROS_CUBICOS,1297.243,2023-02-15 14:49:26.100451
2002-8,AMAZONAS,ETANOL_HIDRATADO,METROS_CUBICOS,1138.955,2023-02-15 14:49:26.100451
2002-7,AMAZONAS,ETANOL_HIDRATADO,METROS_CUBICOS,1042.294,2023-02-15 14:49:26.100451
2002-6,AMAZONAS,ETANOL_HIDRATADO,METROS_CUBICOS,878.727,2023-02-15 14:49:26.100451
2002-5,AMAZONAS,ETANOL_HIDRATADO,METROS_CUBICOS,1025.391,2023-02-15 14:49:26.100451
2002-4,AMAZONAS,ETANOL_HIDRATADO,METROS_CUBICOS,751.059,2023-02-15 14:49:26.100451
2002-3,AMAZONAS,ETANOL_HIDRATADO,METROS_CUBICOS,782.2,2023-02-15 14:49:26.100451
2002-2,AMAZONAS,ETANOL_HIDRATADO,METROS_CUBICOS,789.37,2023-02-15 14:49:26.100451
2002-1,AMAZONAS,ETANOL_HIDRATADO,METROS_CUBICOS,12267.544,2023-02-15 14:49:26.100451
2001-12,AMAZONAS,ETANOL_HIDRATADO,METROS_CUBICOS,960.389,2023-02-15 14:49:26.100451
2001-11,AMAZONAS,ETANOL_HIDRATADO,METROS_CUBICOS,976.424,2023-02-15 14:49:26.100451
2001-10,AMAZONAS,ETANOL_HIDRATADO,METROS_CUBICOS,1252.678,2023-02-15 14:49:26.100451
2001-9,AMAZONAS,ETANOL_HIDRATADO,METROS_CUBICOS,1053.987,2023-02-15 14:49:26.100451
2001-8,AMAZONAS,ETANOL_HIDRATADO,METROS_CUBICOS,1172.091,2023-02-15 14:49:26.100451
2001-7,AMAZONAS,ETANOL_HIDRATADO,METROS_CUBICOS,1090.956,2023-02-15 14:49:26.100451
2001-6,AMAZONAS,ETANOL_HIDRATADO,METROS_CUBICOS,1112.017,2023-02-15 14:49:26.100451
2001-5,AMAZONAS,ETANOL_HIDRATADO,METROS_CUBICOS,1196.859,2023-02-15 14:49:26.100451
2001-4,AMAZONAS,ETANOL_HIDRATADO,METROS_CUBICOS,1132.623,2023-02-15 14:49:26.100451
2001-3,AMAZONAS,ETANOL_HIDRATADO,METROS_CUBICOS,1353.363,2023-02-15 14:49:26.100451
2001-2,AMAZONAS,ETANOL_HIDRATADO,METROS_CUBICOS,1067.999,2023-02-15 14:49:26.100451
2001-1,AMAZONAS,ETANOL_HIDRATADO,METROS_CUBICOS,1162.481,2023-02-15 14:49:26.100451
2000-12,AMAZONAS,ETANOL_HIDRATADO,METROS_CUBICOS,16745.337,2023-02-15 14:49:26.100451
2000-11,AMAZONAS,ETANOL_HIDRATADO,METROS_CUBICOS,1302.217,2023-02-15 14:49:26.100451
2000-10,AMAZONAS,ETANOL_HIDRATADO,METROS_CUBICOS,1378.069,2023-02-15 14:49:26.100451
2000-9,AMAZONAS,ETANOL_HIDRATADO,METROS_CUBICOS,1404.046,2023-02-15 14:49:26.100451
2000-8,AMAZONAS,ETANOL_HIDRATADO,METROS_CUBICOS,1343.54,2023-02-15 14:49:26.100451
2000-7,AMAZONAS,ETANOL_HIDRATADO,METROS_CUBICOS,1514.867,2023-02-15 14:49:26.100451
2000-6,AMAZONAS,ETANOL_HIDRATADO,METROS_CUBICOS,1510.312,2023-02-15 14:49:26.100451
2000-5,AMAZONAS,ETANOL_HIDRATADO,METROS_CUBICOS,1059.032,2023-02-15 14:49:26.100451
2000-4,AMAZONAS,ETANOL_HIDRATADO,METROS_CUBICOS,1498.478,2023-02-15 14:49:26.100451
2000-3,AMAZONAS,ETANOL_HIDRATADO,METROS_CUBICOS,1422.034,2023-02-15 14:49:26.100451
2000-2,AMAZONAS,ETANOL_HIDRATADO,METROS_CUBICOS,1408.214,2023-02-15 14:49:26.100451
2000-1,AMAZONAS,ETANOL_HIDRATADO,METROS_CUBICOS,1465.464,2023-02-15 14:49:26.100451
